{"stats":{"minecraft:picked_up":{"minecraft:redstone_torch":11,"minecraft:redstone":24},"minecraft:used":{"minecraft:yellow_wool":37,"minecraft:glass":89,"minecraft:light_gray_wool":77,"minecraft:lever":3,"minecraft:black_wool":11,"minecraft:repeater":67,"minecraft:ancient_debris":1,"minecraft:target":9,"minecraft:comparator":6,"minecraft:black_stained_glass":1,"minecraft:written_book":2,"minecraft:redstone":280,"minecraft:light_blue_wool":2,"minecraft:stone_button":1,"minecraft:blue_wool":111,"minecraft:gray_wool":17,"minecraft:cyan_wool":57,"minecraft:spruce_sign":14,"minecraft:redstone_block":12,"minecraft:observer":5,"minecraft:light_blue_stained_glass":19,"minecraft:purple_wool":10,"minecraft:glow_ink_sac":8,"minecraft:polished_diorite":1,"minecraft:redstone_torch":425},"minecraft:custom":{"minecraft:time_since_rest":12388972,"minecraft:open_chest":2,"minecraft:crouch_one_cm":42924,"minecraft:play_time":12388972,"minecraft:sprint_one_cm":284886,"minecraft:walk_one_cm":106752,"minecraft:sneak_time":343639,"minecraft:interact_with_lectern":1,"minecraft:jump":4442,"minecraft:leave_game":4,"minecraft:time_since_death":12388972,"minecraft:total_world_time":12484709,"minecraft:fly_one_cm":14066413}},"DataVersion":3700}