{"stats":{"minecraft:used":{"minecraft:redstone_torch":436,"minecraft:glass":91,"minecraft:light_gray_wool":77,"minecraft:lever":3,"minecraft:black_wool":11,"minecraft:repeater":67,"minecraft:target":9,"minecraft:ancient_debris":1,"minecraft:comparator":6,"minecraft:black_stained_glass":1,"minecraft:written_book":2,"minecraft:redstone":281,"minecraft:light_blue_wool":2,"minecraft:stone_button":1,"minecraft:blue_wool":111,"minecraft:white_concrete":3,"minecraft:spruce_sign":14,"minecraft:cyan_wool":57,"minecraft:gray_wool":17,"minecraft:redstone_block":12,"minecraft:observer":5,"minecraft:light_blue_stained_glass":19,"minecraft:purple_wool":10,"minecraft:glow_ink_sac":8,"minecraft:polished_diorite":1,"minecraft:yellow_wool":37},"minecraft:picked_up":{"minecraft:redstone_torch":11,"minecraft:redstone":24},"minecraft:custom":{"minecraft:time_since_rest":12451242,"minecraft:open_chest":2,"minecraft:crouch_one_cm":45996,"minecraft:play_time":12451242,"minecraft:sprint_one_cm":314143,"minecraft:walk_one_cm":110070,"minecraft:sneak_time":345458,"minecraft:interact_with_lectern":1,"minecraft:jump":4759,"minecraft:leave_game":7,"minecraft:time_since_death":12451242,"minecraft:total_world_time":12556502,"minecraft:fly_one_cm":15642047}},"DataVersion":3700}